date,actual,fc_arima,fc_ets,fc_var,fc_naive,fc_drift
2015-01-01,0.4,0.4009,0.3371,0.3823,0.4,0.5838
2015-02-01,0.4155,0.3536,0.3178,0.3972,0.4,0.3864
2015-03-01,0.3094,0.3437,0.2899,0.3554,0.4155,0.39
2015-04-01,0.4261,0.4637,0.2404,0.5461,0.3094,0.3869
2015-05-01,0.5143,0.6431,0.3576,0.3873,0.4261,0.52
2015-06-01,0.2642,0.351,0.4671,0.2492,0.5143,0.2133
2015-07-01,0.1415,0.1901,0.0028,0.3193,0.2642,0.0812
2015-08-01,0.1798,0.3168,0.0601,0.0905,0.1415,0.0655
2015-09-01,0.1419,0.0668,0.3156,0.0433,0.1798,0.1374
2015-10-01,0.1406,0.1094,0.4211,0.1648,0.1419,0.0215
2015-11-01,0.0628,0.0086,-0.0644,0.1641,0.1406,0.0811
2015-12-01,0.2037,0.1926,0.1569,0.2051,0.0628,0.2607
2016-01-01,0.3102,0.2201,0.3344,0.4697,0.2037,0.3033
2016-02-01,0.3332,0.4041,0.4961,0.4361,0.3102,0.2684
2016-03-01,0.4726,0.4749,0.3639,0.5736,0.3332,0.4753
2016-04-01,0.504,0.4063,0.4694,0.5705,0.4726,0.4388
2016-05-01,0.3849,0.3237,0.4527,0.6643,0.504,0.4326
2016-06-01,0.4121,0.4572,0.4456,0.3875,0.3849,0.2115
2016-07-01,0.272,0.359,0.2244,0.0315,0.4121,0.2069
2016-08-01,0.3396,0.5194,0.3162,0.5321,0.272,0.1264
2016-09-01,0.2725,0.5256,0.125,0.2175,0.3396,0.1047
2016-10-01,0.2086,0.2618,0.1748,0.2216,0.2725,0.299
2016-11-01,0.1242,0.065,0.0876,0.2814,0.2086,0.1733
2016-12-01,0.278,0.1274,0.2912,0.0857,0.1242,0.1826
2017-01-01,0.2652,0.3067,0.1997,0.115,0.278,0.1002
2017-02-01,0.2546,0.2095,0.2917,0.0624,0.2652,-0.0412
2017-03-01,0.2736,0.2603,0.3648,0.1783,0.2546,0.1965
2017-04-01,0.381,0.3521,0.3866,0.4338,0.2736,0.5716
2017-05-01,0.4275,0.4363,0.4527,0.4904,0.381,0.4402
2017-06-01,0.4442,0.5494,0.4395,0.4773,0.4275,0.3682
2017-07-01,0.4318,0.4644,0.4218,0.2623,0.4442,0.4489
2017-08-01,0.5698,0.5771,0.4877,0.2926,0.4318,0.4054
2017-09-01,0.3864,0.3236,0.4081,0.393,0.5698,0.3366
2017-10-01,0.25,0.136,0.2302,0.1934,0.3864,0.2366
2017-11-01,0.1378,0.1189,0.3371,0.1929,0.25,0.1086
2017-12-01,0.2262,0.2419,0.3735,0.3104,0.1378,0.2768
2018-01-01,0.3599,0.5213,0.3885,0.3765,0.2262,0.3712
2018-02-01,0.3475,0.378,0.2612,0.4388,0.3599,0.3888
2018-03-01,0.2852,0.3838,0.1639,0.3127,0.3475,0.2052
2018-04-01,0.2529,0.233,0.362,0.3165,0.2852,0.3165
2018-05-01,0.3728,0.298,0.389,0.2882,0.2529,0.503
2018-06-01,0.4416,0.3844,0.4796,0.4201,0.3728,0.3388
2018-07-01,0.4414,0.4034,0.2569,0.465,0.4416,0.3468
2018-08-01,0.2953,0.4856,0.3781,0.3938,0.4414,0.4017
2018-09-01,0.2719,0.2262,0.3073,0.2246,0.2953,0.2416
2018-10-01,0.2384,0.3255,0.1174,0.3009,0.2719,0.3526
2018-11-01,0.2335,0.1813,0.1764,0.2016,0.2384,0.1824
2018-12-01,0.3139,0.4085,0.3303,0.2998,0.2335,0.4344
2019-01-01,0.3264,0.3772,0.3217,0.426,0.3139,0.3286
2019-02-01,0.4051,0.4125,0.3658,0.1659,0.3264,0.4195
2019-03-01,0.4133,0.4301,0.393,0.2578,0.4051,0.5462
2019-04-01,0.4476,0.4152,0.4124,0.2697,0.4133,0.4079
2019-05-01,0.4974,0.553,0.5026,0.2173,0.4476,0.4064
2019-06-01,0.3026,0.2862,0.4397,0.2212,0.4974,0.2567
2019-07-01,0.2647,0.1867,-0.002,0.3546,0.3026,0.3008
2019-08-01,0.2,0.1178,0.1663,0.1658,0.2647,0.0553
2019-09-01,0.1228,0.1566,0.1305,0.1466,0.2,0.1773
2019-10-01,0.1023,0.2486,0.1219,0.233,0.1228,0.0517
2019-11-01,0.2727,0.3055,0.2255,0.432,0.1023,0.3747
2019-12-01,0.1657,0.1762,-0.02,0.1574,0.2727,-0.0502
2020-01-01,0.3045,0.3474,0.3273,0.4669,0.1657,0.2341
2020-02-01,0.1546,0.2791,0.3174,0.1657,0.3045,0.0041
2020-03-01,0.2103,0.2479,0.0469,0.1098,0.1546,0.1381
2020-04-01,0.303,0.2901,0.3794,0.2317,0.2103,0.3282
2020-05-01,0.3989,0.5074,0.356,0.2212,0.303,0.3865
2020-06-01,0.4554,0.5097,0.4393,0.3488,0.3989,0.4372
2020-07-01,0.4753,0.6182,0.36,0.4324,0.4554,0.4665
2020-08-01,0.3491,0.3838,0.3057,0.4455,0.4753,0.3737
2020-09-01,0.2374,0.1594,0.3574,0.4439,0.3491,0.1538
2020-10-01,0.2901,0.2006,0.3384,0.1242,0.2374,0.3617
2020-11-01,0.2261,0.3782,0.3894,0.2733,0.2901,0.2946
2020-12-01,0.0944,0.2523,0.2022,-0.0305,0.2261,0.1387
2021-01-01,0.048,0.0537,0.0819,0.105,0.0944,0.1086
2021-02-01,0.0643,0.0536,0.2287,0.0486,0.048,0.1023
2021-03-01,0.2348,0.3717,0.2687,0.0151,0.0643,0.4301
2021-04-01,0.3169,0.2483,0.3897,0.4283,0.2348,0.322
2021-05-01,0.4183,0.3667,0.3787,0.3457,0.3169,0.4045
2021-06-01,0.3542,0.4256,0.3508,0.2901,0.4183,0.3011
2021-07-01,0.3461,0.3345,0.2663,0.2177,0.3542,0.2687
2021-08-01,0.3625,0.3821,0.4515,0.284,0.3461,0.2669
2021-09-01,0.2614,0.2683,0.1336,0.3127,0.3625,0.1986
2021-10-01,0.2656,0.3126,0.3338,0.2429,0.2614,0.2773
2021-11-01,0.1631,0.2957,0.1341,0.2026,0.2656,0.2121
2021-12-01,0.1447,0.172,0.2519,0.1882,0.1631,0.1691
2022-01-01,0.1559,0.2274,0.221,0.3144,0.1447,0.1076
2022-02-01,0.1068,-0.0373,0.2788,0.0656,0.1559,0.2092
2022-03-01,0.2614,0.2775,0.3245,0.0842,0.1068,0.3502
2022-04-01,0.273,0.2255,0.1058,0.401,0.2614,0.2817
2022-05-01,0.322,0.2445,0.3053,0.2822,0.273,0.2872
2022-06-01,0.3824,0.3321,0.2552,0.5161,0.322,0.4565
2022-07-01,0.3932,0.3865,0.3314,0.4392,0.3824,0.4357
2022-08-01,0.3971,0.4904,0.5382,0.3814,0.3932,0.2932
2022-09-01,0.305,0.2189,0.3587,0.3468,0.3971,0.3262
2022-10-01,0.2059,0.2284,0.126,0.44,0.305,0.2576
2022-11-01,0.1826,0.1638,0.0712,0.4318,0.2059,0.1306
2022-12-01,0.0249,0.0187,0.0182,0.0333,0.1826,0.0719
2023-01-01,-0.0285,0.0717,-0.1602,-0.0093,0.0249,-0.1288
2023-02-01,-0.0258,0.0373,-0.1029,0.1034,-0.0285,0.126
2023-03-01,0.0268,0.1538,0.048,-0.0747,-0.0258,0.1715
2023-04-01,0.2074,0.215,0.3129,0.2474,0.0268,0.2179
2023-05-01,0.1876,0.1519,0.2384,0.1845,0.2074,0.2543
2023-06-01,0.2091,0.2112,-0.03,0.2468,0.1876,0.0271
2023-07-01,0.3658,0.4052,0.3863,0.2658,0.2091,0.2975
2023-08-01,0.2772,0.3113,0.2744,0.0864,0.3658,0.2873
2023-09-01,0.3106,0.2439,0.342,0.0619,0.2772,0.2515
2023-10-01,0.1585,0.1858,0.3102,0.0244,0.3106,0.2611
2023-11-01,0.1392,0.1775,-0.0771,0.0842,0.1585,0.358
2023-12-01,0.0705,0.2919,0.0014,0.0353,0.1392,0.0045
2024-01-01,0.1119,0.2821,0.161,0.3444,0.0705,0.0773
2024-02-01,0.2818,0.2335,0.1136,0.4145,0.1119,0.3446
2024-03-01,0.1537,0.1507,0.2913,0.0383,0.2818,0.3412
2024-04-01,0.2934,0.1963,0.3202,0.3351,0.1537,0.2266
2024-05-01,0.3578,0.3305,0.4324,0.3089,0.2934,0.4243
2024-06-01,0.2981,0.3434,0.231,0.264,0.3578,0.507
2024-07-01,0.1492,0.2656,0.2206,0.1714,0.2981,0.0463
2024-08-01,0.1792,0.1409,0.276,0.2535,0.1492,0.1105
2024-09-01,0.1202,0.0879,0.1335,0.0795,0.1792,0.1296
2024-10-01,0.1514,-0.0004,0.1648,0.2791,0.1202,0.1529
2024-11-01,0.1573,0.1643,0.1743,0.0203,0.1514,0.2796
2024-12-01,0.3374,0.2724,0.2411,0.3382,0.1573,0.4092
