date,gdp_growth,inflation,fed_funds,unemployment
1990-01-01,2.5,2.0,4.0,5.5
1990-04-01,1.7127,1.1898,4.109,5.1716
1990-07-01,-0.1107,0.3176,3.7204,5.0422
1990-10-01,0.1252,-0.0649,3.4007,5.1542
1991-01-01,0.3733,0.4269,3.1154,4.757
1991-04-01,0.6787,0.0227,2.9555,4.5475
1991-07-01,0.5603,-0.1803,2.8975,4.3819
1991-10-01,0.3584,-0.2191,2.6108,4.3609
1992-01-01,0.7875,0.1019,2.9171,4.1203
1992-04-01,0.4125,-0.1836,2.682,4.293
1992-07-01,0.4797,-0.3906,1.9714,4.2443
1992-10-01,1.1184,0.0474,1.5192,3.9053
1993-01-01,1.0841,0.2144,1.6916,3.6678
1993-04-01,1.3938,0.3274,1.6884,3.4434
1993-07-01,0.2176,0.1129,1.4053,3.2106
1993-10-01,0.295,0.6868,1.0629,3.2848
1994-01-01,-0.5892,0.2782,1.0033,3.55
1994-04-01,0.4383,0.5559,0.8038,3.2515
1994-07-01,1.1298,0.4448,0.4282,2.6127
1994-10-01,0.4505,0.5339,0.5892,2.6736
1995-01-01,0.3372,0.4741,0.8105,2.5658
1995-04-01,0.8233,0.1931,0.6441,2.3037
1995-07-01,0.1061,0.3302,0.5075,2.3091
1995-10-01,0.7293,0.5047,0.7379,2.1861
1996-01-01,0.5025,0.3952,0.235,2.0
1996-04-01,-0.1663,-0.1076,0.3126,2.0
1996-07-01,0.0762,0.4545,0.2011,2.0
1996-10-01,-0.1803,0.2368,0.0,2.0
1997-01-01,0.8243,-0.3711,0.0,2.0
1997-04-01,0.5776,-0.7514,0.0,2.0
1997-07-01,0.9942,-0.4053,0.3479,2.0
1997-10-01,0.3923,-0.1696,0.3773,2.0065
1998-01-01,1.1817,0.1696,0.8298,2.0
1998-04-01,0.6659,-0.1357,0.6372,2.0
1998-07-01,1.203,-0.0009,0.1365,2.0
1998-10-01,1.3333,0.4998,0.9132,2.0
1999-01-01,1.3865,0.1689,0.2681,2.0
1999-04-01,0.7074,0.0545,0.1436,2.0
1999-07-01,1.506,0.3058,0.1925,2.0
1999-10-01,0.2242,0.0758,0.2504,2.0
2000-01-01,0.6168,0.5348,0.1642,2.0
2000-04-01,0.118,0.1492,0.845,2.0
2000-07-01,0.9639,-0.0594,0.9937,2.0
2000-10-01,0.8556,0.0846,0.7187,2.0
2001-01-01,0.6012,-0.3,0.2096,2.0
2001-04-01,1.7989,0.0933,0.2135,2.0
2001-07-01,2.3053,0.4363,0.3018,2.0
2001-10-01,2.0157,1.1383,0.7285,2.0
2002-01-01,0.6138,1.5436,1.5908,2.0
2002-04-01,0.3121,1.777,1.395,2.0
2002-07-01,0.7667,1.302,1.4687,2.0
2002-10-01,0.8899,1.6516,1.6558,2.0
2003-01-01,-0.5907,1.1601,1.4126,2.0
2003-04-01,-0.6764,0.7193,1.5391,2.0
2003-07-01,-0.1154,0.4188,1.209,2.0
2003-10-01,0.5888,0.9458,1.1407,2.0
2004-01-01,0.4801,0.8777,1.2299,2.0
2004-04-01,0.616,0.8509,2.0103,2.0
2004-07-01,0.0644,0.5659,1.3971,2.0
2004-10-01,0.5318,0.9864,1.148,2.0
2005-01-01,-0.775,0.5908,0.767,2.0
2005-04-01,-0.697,0.3617,0.0853,2.0
2005-07-01,1.308,-0.0199,0.0,2.0
2005-10-01,3.0596,-0.0952,0.0,2.0
2006-01-01,3.3709,-0.0648,0.0,2.0
2006-04-01,2.7247,0.1205,0.2554,2.0
2006-07-01,1.8794,0.2347,0.5468,2.0
2006-10-01,1.7951,0.8272,0.8189,2.0
2007-01-01,1.407,0.8273,0.7754,2.0
2007-04-01,1.0812,1.588,1.5494,2.0
2007-07-01,0.3498,0.8456,1.9181,2.0
2007-10-01,0.7531,0.1437,1.9598,2.0
2008-01-01,0.0572,0.0206,1.7692,2.0
2008-04-01,0.179,0.0901,1.4137,2.0
2008-07-01,1.3784,-0.6643,1.0159,2.0
2008-10-01,1.4499,-0.4002,0.3412,2.0
2009-01-01,2.4053,-0.5486,0.5779,2.0
2009-04-01,1.8504,-0.5477,0.4637,2.0
2009-07-01,1.9303,0.5266,0.9966,2.0
2009-10-01,2.5787,0.8976,1.4546,2.0
2010-01-01,1.8468,0.6479,1.8784,2.0
2010-04-01,1.8642,0.7043,2.243,2.0
2010-07-01,2.5074,1.1792,1.8229,2.0
2010-10-01,0.9741,0.8366,2.3601,2.0
2011-01-01,0.3608,0.3693,2.1384,2.0
2011-04-01,0.0681,0.5113,2.2593,2.0
2011-07-01,-1.1523,0.4511,1.9705,2.0
2011-10-01,0.6071,-0.2674,1.3429,2.0
2012-01-01,-0.2564,0.3872,1.3269,2.0
2012-04-01,-0.2,0.6172,1.5234,2.0
2012-07-01,0.3104,0.6339,1.1251,2.0
2012-10-01,0.3901,0.6767,1.4066,2.0
2013-01-01,0.437,1.1404,1.207,2.0
2013-04-01,0.6358,1.2546,1.3068,2.0
2013-07-01,1.1525,1.3892,1.6154,2.1616
2013-10-01,0.7621,0.3417,2.0311,2.0774
2014-01-01,0.8098,0.8806,1.4567,2.0
2014-04-01,-0.2678,0.33,1.4726,2.0
2014-07-01,0.3274,-0.2063,0.4684,2.0
2014-10-01,0.3153,0.0799,0.6283,2.0276
2015-01-01,1.0505,0.2904,0.7755,2.0
2015-04-01,0.8689,0.4001,1.0626,2.0
2015-07-01,1.1778,0.3578,1.0063,2.0
2015-10-01,-0.2199,-0.2483,0.411,2.0
2016-01-01,-0.1366,0.137,0.2308,2.0
2016-04-01,1.0017,0.7595,0.3076,2.0
2016-07-01,0.9879,0.3492,0.2308,2.0
2016-10-01,0.4046,0.1788,0.5343,2.0
2017-01-01,-0.256,0.2669,0.1826,2.0
2017-04-01,0.1477,-0.4627,0.3119,2.0
2017-07-01,0.2016,-0.694,0.0,2.0083
2017-10-01,0.4951,-0.3081,0.0,2.286
2018-01-01,0.5329,-0.7273,0.1763,2.2166
2018-04-01,1.5086,-0.1919,0.112,2.0
2018-07-01,2.5727,0.9456,0.4459,2.0
2018-10-01,2.5274,0.6412,0.8477,2.0
2019-01-01,2.0285,0.3926,0.5273,2.0
2019-04-01,0.8648,0.2417,0.5466,2.0
2019-07-01,1.5869,0.0484,0.654,2.0
2019-10-01,1.1547,0.283,0.9108,2.0
2020-01-01,1.7118,0.0365,0.8799,2.0
2020-04-01,1.5405,0.7872,1.0586,2.0
2020-07-01,1.1768,0.6789,0.9141,2.0
2020-10-01,0.4739,0.8365,1.3452,2.0
2021-01-01,0.3724,0.8778,1.2406,2.0
2021-04-01,-0.6647,0.4688,0.5267,2.0
2021-07-01,0.8106,0.8386,0.3343,2.0
2021-10-01,-1.0692,0.2926,1.0939,2.0
2022-01-01,-0.6594,0.3831,0.3999,2.0
2022-04-01,0.029,0.291,0.5655,2.0
2022-07-01,0.8027,0.0738,0.7683,2.1568
2022-10-01,0.2423,-0.2508,1.0533,2.2283
2023-01-01,1.4256,-0.146,1.3347,2.0866
2023-04-01,1.3866,0.6668,1.261,2.0
2023-07-01,0.8385,0.7695,0.8448,2.0
2023-10-01,0.4632,1.0625,0.2455,2.0
2024-01-01,-0.4872,0.4072,0.372,2.0
2024-04-01,-0.0919,0.2625,0.3662,2.0
2024-07-01,0.7673,0.5703,0.5248,2.0
2024-10-01,0.9846,1.3173,0.7337,2.0
